{
  "project_info": {
    "project_number": "453375656707",
    "project_id": "musicband-a2793",
    "storage_bucket": "musicband-a2793.appspot.com"
  },
  "client": [
    {
      "client_info": {
        "mobilesdk_app_id": "1:453375656707:android:eb1bb5b35b6f1da0251f36",
        "android_client_info": {
          "package_name": "com.example.music"
        }
      },
      "oauth_client": [
        {
          "client_id": "453375656707-il6ckolaq7gohqu8rqagepi60phtotp2.apps.googleusercontent.com",
          "client_type": 3
        }
      ],
      "api_key": [
        {
          "current_key": "AIzaSyAccMzSkJ2-9FslTxdFQR1Ssqv-gs6AvtA"
        }
      ],
      "services": {
        "appinvite_service": {
          "other_platform_oauth_client": [
            {
              "client_id": "453375656707-il6ckolaq7gohqu8rqagepi60phtotp2.apps.googleusercontent.com",
              "client_type": 3
            }
          ]
        }
      }
    }
  ],
  "configuration_version": "1"
}